  date	amount
1/17/20	152
1/17/20	374.22
7/25/20	18
7/25/20	14
7/28/20	21
7/28/20	47
7/28/20	10
7/28/20	1
7/28/20	1
7/28/20	1
7/28/20	1
7/29/20	21
7/29/20	33
7/29/20	5
7/29/20	5
7/29/20	5
7/29/20	0
8/4/20	20
8/6/20	6
8/6/20	6
8/10/20	1
8/10/20	1
8/10/20	5
8/10/20	1
8/10/20	1
8/10/20	1
8/10/20	1
8/10/20	1
8/10/20	1
8/10/20	1
8/10/20	1
8/10/20	1
8/10/20	1
8/11/20	6
8/11/20	1
8/12/20	1
8/12/20	1
8/12/20	1
8/12/20	1
8/13/20	5
8/14/20	5
8/14/20	13
8/14/20	3
8/15/20	2
8/17/20	300
8/17/20	30
8/17/20	4
8/17/20	10
8/17/20	10
8/17/20	9
8/17/20	0
8/17/20	31
8/17/20	3
8/17/20	1
8/17/20	1
8/17/20	1
8/17/20	1
8/17/20	1
8/17/20	1
8/17/20	1
8/17/20	1
8/17/20	50
8/17/20	1
8/17/20	0
8/17/20	1
8/18/20	1
8/18/20	1
8/18/20	1
8/18/20	1
8/20/20	8
8/20/20	50
8/20/20	50
8/20/20	10
8/20/20	10
8/20/20	10
8/20/20	0
8/20/20	10
8/21/20	1
8/21/20	5
8/21/20	13
8/21/20	13
8/21/20	5
8/21/20	1
8/21/20	3
8/22/20	55
8/22/20	1
8/23/20	10
8/23/20	3
8/25/20	20
8/25/20	2
8/26/20	64
8/26/20	6
8/26/20	1
8/28/20	2
8/28/20	3
8/28/20	4
8/28/20	22
8/29/20	5
8/29/20	1
8/29/20	0
8/29/20	50
8/30/20	4
8/30/20	22
8/30/20	0
8/30/20	1
8/30/20	0
8/30/20	1
8/30/20	1
8/30/20	2
8/31/20	1
8/31/20	0
8/31/20	1
9/1/20	100
9/1/20	50
9/1/20	100
9/1/20	1
9/2/20	30
9/2/20	0
9/2/20	5
9/2/20	0
9/2/20	2
9/2/20	0
9/2/20	8
9/2/20	0
9/3/20	1
9/3/20	0
9/3/20	10
9/3/20	10
9/4/20	3
9/4/20	20
9/5/20	100
9/5/20	3
9/5/20	5
9/6/20	400
9/6/20	3
9/6/20	8
9/6/20	2
9/6/20	13
9/8/20	19
9/8/20	58
9/8/20	34
9/8/20	2
9/8/20	10
9/8/20	63
9/8/20	20
9/8/20	5
9/8/20	23
9/9/20	6
9/9/20	3.72
9/9/20	4.93
9/10/20	2
9/14/20	8
9/15/20	1
9/15/20	6
9/15/20	92
9/16/20	1
9/16/20	158
9/16/20	150
9/17/20	49
9/17/20	8
9/17/20	30
9/17/20	14
9/17/20	29
9/17/20	4
9/17/20	1
9/18/20	10
9/23/20	5
9/24/20	1
9/24/20	1
9/24/20	5
9/24/20	1
9/24/20	1
9/24/20	1
9/26/20	469
9/26/20	464
9/26/20	460
9/26/20	450
9/27/20	1
10/1/20	10
10/1/20	1
10/3/20	90
10/3/20	5.46
10/3/20	1
10/4/20	911
10/4/20	911
10/4/20	902
10/4/20	893
10/6/20	2
10/7/20	5
10/8/20	1
10/8/20	1
10/8/20	1
10/8/20	1
10/8/20	1
10/8/20	1
10/8/20	1
10/8/20	100
10/8/20	100
10/8/20	199
10/8/20	1
10/8/20	1
10/8/20	0.98
10/9/20	0.98
10/9/20	1
10/9/20	1
10/11/20	2.36
10/11/20	3
10/11/20	3
10/12/20	10.53
10/12/20	1
10/12/20	1
10/12/20	1
10/12/20	5.02
10/13/20	30
10/13/20	298.51
10/13/20	288.86
10/13/20	286
10/13/20	283
10/14/20	2
10/14/20	2
10/15/20	127.75
10/15/20	1
10/15/20	125
10/17/20	30
10/17/20	20
10/18/20	50
10/19/20	9.85
10/22/20	68.95
10/22/20	55
10/22/20	55
10/22/20	54.54
10/22/20	54
10/22/20	65
10/22/20	4
10/22/20	12.19
10/26/20	44
10/26/20	20
10/27/20	30
10/27/20	9.85
10/27/20	5
10/27/20	42.72
10/27/20	45
10/27/20	0.98
10/27/20	120
10/27/20	120
10/28/20	0.98
10/29/20	1.97
10/29/20	1
10/29/20	2
10/29/20	2
10/29/20	128.45
10/29/20	8.22
10/29/20	8
10/30/20	0.98
10/30/20	93.01
10/30/20	91
10/31/20	3.94
10/31/20	3.9
10/31/20	3.9
10/31/20	0.98
11/3/20	8
11/3/20	7.9
11/3/20	7.9
11/3/20	10.06
11/3/20	10
11/4/20	11.72
11/4/20	11.6
11/4/20	11
11/4/20	1
11/4/20	10
11/4/20	10
11/4/20	1
11/4/20	1
11/4/20	1
11/4/20	1
11/4/20	5
11/4/20	5
11/4/20	1
11/4/20	0.98
11/4/20	0.98
11/4/20	0.99
11/4/20	20.91
11/4/20	2.5
11/4/20	2.93
11/4/20	2.93
11/4/20	1
11/4/20	2.83
11/4/20	2.8
11/4/20	2
11/5/20	10
11/6/20	10
11/6/20	10
11/6/20	10.1
11/6/20	10
11/6/20	10
11/6/20	374.32
11/6/20	110.07
11/6/20	363.6
11/6/20	360
11/6/20	354
11/7/20	1
11/7/20	1
11/7/20	5
11/7/20	2
11/7/20	2
11/7/20	47
11/7/20	46.5
11/7/20	46.5
11/7/20	45.5
11/7/20	102
11/7/20	102
11/7/20	10
11/8/20	375.38
11/8/20	50
11/9/20	109.31
11/9/20	108.23
11/10/20	1
11/10/20	1
11/10/20	5.05
11/10/20	5
11/10/20	7
11/12/20	12
11/13/20	2
11/13/20	5
11/13/20	1
11/14/20	11
11/14/20	0.7
11/14/20	0.7
11/14/20	1
11/14/20	477
11/14/20	198
11/14/20	474.7
11/14/20	470
11/14/20	462
11/16/20	100
11/17/20	12
11/17/20	12
11/18/20	1
11/18/20	15
11/18/20	21.09
11/18/20	21.09
11/19/20	5
11/19/20	5
11/19/20	6
11/19/20	6
11/19/20	101
11/19/20	100
11/19/20	60
11/19/20	60
11/19/20	60
11/19/20	60
11/20/20	4
11/20/20	4
11/20/20	2
11/20/20	1
11/20/20	1
11/20/20	120
11/21/20	20
11/21/20	20
11/21/20	50
11/21/20	50
11/21/20	50
11/21/20	50
11/21/20	50
11/21/20	5
11/21/20	5
11/21/20	50
11/21/20	20
11/22/20	5
11/23/20	4.89
11/23/20	4.89
11/23/20	10
11/23/20	10
11/23/20	20
11/24/20	19
11/24/20	10
11/25/20	1.01
11/25/20	1
11/25/20	10
11/25/20	9.9
11/25/20	9.9
11/26/20	108.07
11/26/20	107
11/26/20	209.4
11/26/20	2
11/26/20	1.97
11/26/20	5
11/26/20	1
11/26/20	1
11/26/20	207.05
11/26/20	205
11/26/20	203
11/27/20	101
11/27/20	9.02
11/27/20	8.93
11/27/20	8.89
11/27/20	6
11/28/20	4
11/28/20	4
11/30/20	100
11/30/20	100
12/1/20	1418.44
12/1/20	617.98
12/1/20	616.98
12/1/20	4.6
12/2/20	10
12/2/20	10
12/2/20	10
12/2/20	17.17
12/2/20	17.64
12/2/20	10
12/3/20	50.5
12/3/20	50
12/3/20	40
12/4/20	50.5
12/4/20	50
12/4/20	60
12/4/20	10.26
12/5/20	82.02
12/5/20	5
12/5/20	10
12/5/20	1.5
12/5/20	1.5
12/5/20	1.35
12/5/20	1.35
12/5/20	12
12/5/20	12
12/6/20	15.15
12/6/20	15
12/6/20	15.98
12/7/20	319.76
12/7/20	20.2
12/7/20	20
12/7/20	15
12/7/20	103.02
12/7/20	102
12/7/20	50
12/8/20	185.04
12/8/20	40
12/8/20	14.14
12/8/20	14
12/8/20	13
12/9/20	5
12/9/20	4
12/9/20	2.9
12/9/20	2.9
12/9/20	49.9
12/9/20	15.15
12/9/20	15
12/10/20	39.95
12/10/20	39
12/10/20	58
12/11/20	176.84
12/11/20	14
12/11/20	14
12/13/20	2
12/13/20	1
12/13/20	1
12/13/20	1
12/13/20	20.2
12/13/20	20
12/13/20	20
12/13/20	4.4
12/13/20	14.14
12/13/20	14
12/13/20	101
12/13/20	100
12/13/20	98.5
12/13/20	14.86
12/14/20	4.32
12/14/20	4.28
12/14/20	4.21
12/14/20	50.5
12/14/20	50
12/14/20	1
12/14/20	1
12/14/20	25
12/14/20	25
12/14/20	4
12/14/20	4
12/14/20	292.74
12/15/20	1
12/15/20	1
12/15/20	1
12/15/20	289.87
12/15/20	287
12/15/20	283
12/15/20	10.1
12/15/20	10
12/15/20	10
12/15/20	10.1
12/15/20	10
12/15/20	10
12/15/20	158
12/15/20	150
12/15/20	150
12/16/20	5
12/16/20	5
12/16/20	2
12/16/20	2
12/16/20	7
12/16/20	1
12/16/20	1
12/16/20	8
12/16/20	8
12/17/20	4
12/17/20	10
12/17/20	10
12/17/20	10
12/17/20	5.05
12/17/20	5
12/17/20	5
12/17/20	10.1
12/17/20	10
12/17/20	25
12/17/20	5
12/17/20	5
12/17/20	5
12/17/20	50
12/17/20	49
12/17/20	49
12/17/20	20.2
12/17/20	20
12/17/20	26
12/17/20	2
12/17/20	2
12/18/20	106.79
12/18/20	0.49
12/18/20	10.1
12/18/20	10
12/18/20	10
12/18/20	15.15
12/18/20	15
12/18/20	15
12/18/20	15.15
12/18/20	15
12/18/20	15
12/19/20	10
12/19/20	3.03
12/19/20	3
12/19/20	3
12/19/20	107.06
12/19/20	106
12/19/20	104.41
12/19/20	10.1
12/19/20	10
12/19/20	10
12/19/20	10
12/19/20	5
12/19/20	5
12/20/20	10.1
12/20/20	10
12/20/20	10
12/20/20	25.25
12/20/20	25
12/20/20	25
12/20/20	30
12/20/20	29
12/20/20	29
12/20/20	1
12/21/20	25.25
12/21/20	25
12/21/20	25
12/22/20	3
12/22/20	2
12/22/20	217.57
12/22/20	106.53
12/22/20	319.24
12/23/20	9
12/23/20	50.5
12/23/20	50
12/23/20	50
12/23/20	713.57
12/23/20	711.04
12/23/20	704
12/23/20	694.04
12/23/20	5
12/24/20	172.06
12/24/20	4
12/24/20	27.27
12/24/20	27
12/24/20	26.59
12/24/20	48.23
12/24/20	47.75
12/24/20	47
12/25/20	11
12/25/20	10
12/25/20	10
12/26/20	30
12/26/20	30
12/26/20	30
12/26/20	3
12/26/20	3
12/26/20	15
12/26/20	10
12/26/20	10
12/27/20	26
12/27/20	10
12/27/20	30.99
12/27/20	30.99
12/27/20	4.85
12/27/20	4.85
12/27/20	30
12/27/20	15
12/27/20	14
12/27/20	14
12/27/20	1
12/27/20	10
12/27/20	33.99
12/27/20	9.5
12/27/20	9.5
12/27/20	176.95
12/27/20	34.47
12/27/20	20
12/27/20	10
12/27/20	30.49
12/27/20	150
12/27/20	5
12/27/20	5
12/27/20	3
12/27/20	3
12/27/20	17
12/27/20	10
12/27/20	10
12/27/20	5
12/27/20	1
12/27/20	145
12/27/20	16
12/28/20	1
12/28/20	1
12/28/20	1.5
12/28/20	1.5
12/28/20	367.66
12/28/20	9.09
12/28/20	9
12/28/20	9
12/28/20	166.65
12/28/20	165
12/28/20	164
12/28/20	164
12/28/20	151.5
12/28/20	150
12/28/20	149
12/28/20	21.42
12/28/20	21.42
12/28/20	21.42
12/28/20	50.5
12/28/20	50
12/28/20	40
12/28/20	16
12/28/20	37
12/29/20	10
12/29/20	9
12/29/20	20
12/29/20	10
12/29/20	29.55
12/29/20	208.06
12/29/20	206
12/29/20	203
12/30/20	20
12/30/20	15
12/30/20	500
12/31/20	9
12/31/20	13.13
12/31/20	13
12/31/20	13
12/31/20	20.2
12/31/20	20
12/31/20	19.72
1/1/21	15.76
1/1/21	50
1/1/21	20
1/1/21	20
1/1/21	20
1/1/21	20
1/1/21	5.01
1/1/21	5.01
1/1/21	1
1/1/21	1
1/1/21	1
1/1/21	1.98
1/1/21	1.98
1/1/21	1
1/1/21	78.77
1/2/21	1
1/2/21	0.98
1/2/21	1
1/2/21	1
1/2/21	1
1/2/21	3
1/2/21	3
1/2/21	3
1/2/21	50.5
1/2/21	50
1/2/21	49.25
1/2/21	27.27
1/2/21	27
1/2/21	10
1/2/21	16
1/2/21	10.1
1/2/21	10
1/2/21	6.6
1/2/21	6.6
1/2/21	10
1/2/21	9.8
1/2/21	4
1/2/21	50
1/2/21	19.19
1/2/21	19
1/2/21	1
1/2/21	1
1/3/21	3.03
1/3/21	3
1/3/21	179
1/3/21	178
1/3/21	13
1/3/21	100
1/3/21	98
1/3/21	98
1/3/21	14
1/3/21	10
1/3/21	10
1/4/21	10
1/4/21	10
1/4/21	100
1/4/21	98.5
1/4/21	100
1/4/21	97
1/4/21	97
1/4/21	30
1/4/21	28
1/4/21	943.64
1/4/21	2092.39
1/4/21	936.27
1/4/21	927
1/4/21	1010
1/4/21	1000
1/4/21	990.67
1/4/21	917
1/4/21	1010
1/4/21	1000
1/4/21	50.5
1/4/21	50
1/4/21	1000
1/4/21	30
1/4/21	68.9
1/5/21	10
1/5/21	14
1/5/21	10.08
1/5/21	2
1/5/21	9.98
1/5/21	9.98
1/5/21	1
1/5/21	174.53
1/5/21	171.91
1/5/21	100
1/5/21	100
1/5/21	500
1/5/21	2
1/5/21	2
1/5/21	10
1/5/21	9
1/5/21	9
1/5/21	1906.06
1/5/21	1860
1/5/21	1850
1/5/21	35.35
1/5/21	35
1/5/21	1800
1/5/21	20
1/6/21	49.25
1/6/21	2
1/6/21	30
1/6/21	20
1/6/21	20
1/6/21	50
1/6/21	5
1/6/21	3
1/6/21	2
1/6/21	3
1/6/21	90
1/6/21	1
1/6/21	1
1/6/21	40.79
1/6/21	40.6
1/6/21	40.2
1/6/21	39.6
1/6/21	1
1/6/21	50
1/6/21	49
1/6/21	49
1/6/21	48.48
1/6/21	48
1/6/21	48
1/6/21	5
1/6/21	4.5
1/6/21	175.46
1/6/21	7
1/6/21	287.66
1/6/21	60.6
1/6/21	60
1/6/21	59.1
1/6/21	1
1/7/21	10
1/7/21	9
1/7/21	9
1/7/21	0.66
1/7/21	10
1/7/21	5
1/7/21	5
1/7/21	10
1/7/21	10
1/7/21	10
1/7/21	1.5
1/7/21	1.9
1/7/21	184.61
1/7/21	181.8
1/7/21	180
1/7/21	175
1/7/21	2
1/7/21	6
1/7/21	5.5
1/7/21	46.46
1/7/21	46.46
1/7/21	46
1/7/21	45
1/7/21	19
1/7/21	19
1/7/21	0.02
1/7/21	100
1/7/21	5.87
1/7/21	6
1/7/21	12.01
1/7/21	12
1/7/21	12.78
1/7/21	13
1/7/21	0.02
1/8/21	0.02
1/8/21	19.19
1/8/21	19
1/8/21	307.3
1/8/21	15.15
1/8/21	15
1/8/21	14
1/8/21	1
1/8/21	1
1/8/21	50
1/8/21	2
1/8/21	2
1/8/21	2
1/8/21	30
1/8/21	0.96
1/8/21	1.99
1/8/21	198.61
1/8/21	198
1/8/21	198
1/8/21	50
1/8/21	50
1/8/21	50
1/8/21	49
1/8/21	50
1/8/21	50
1/8/21	500
1/8/21	495
1/8/21	495
1/8/21	20
1/8/21	5
1/8/21	3
1/8/21	2
1/8/21	2
1/8/21	2.4
1/8/21	10
1/8/21	12
1/8/21	12
1/8/21	194.23
1/8/21	194.93
1/8/21	193
1/8/21	190
1/8/21	100
1/8/21	98
1/8/21	98
1/9/21	4
1/9/21	14.14
1/9/21	14
1/9/21	13
1/9/21	22
1/9/21	26.55
1/9/21	25.5
1/9/21	0.2
1/9/21	0.2
1/9/21	5
1/9/21	4.95
1/9/21	4.95
1/9/21	10.1
1/9/21	10
1/9/21	9.86
1/9/21	300
1/9/21	297
1/9/21	297
1/9/21	21.5
1/9/21	21.5
1/9/21	21.3
1/9/21	20.98
1/9/21	99.3
1/9/21	19.55
1/9/21	101
1/9/21	50
1/9/21	50
1/9/21	1.01
1/9/21	1
1/9/21	198.61
1/10/21	40
1/10/21	39
1/10/21	93.84
1/10/21	1
1/10/21	1
1/10/21	90
1/10/21	90
1/10/21	1
1/10/21	1
1/10/21	178.73
1/10/21	176
1/10/21	97.83
1/11/21	200
1/11/21	10
1/11/21	50
1/11/21	5
1/11/21	5
1/11/21	50
1/11/21	50
1/11/21	10
1/11/21	9.98
1/11/21	9.98
1/11/21	10
1/11/21	5
1/11/21	4
1/11/21	40.4
1/11/21	40
1/11/21	25
1/11/21	25
1/11/21	30
1/11/21	30
1/11/21	9.85
1/11/21	5.96
1/11/21	5.9
1/11/21	5.9
1/11/21	790.96
1/11/21	800
1/11/21	25
1/11/21	25
1/11/21	10
1/11/21	11
1/11/21	11
1/11/21	101
1/11/21	100
1/11/21	100
1/11/21	25
1/11/21	25
1/11/21	3
1/11/21	2147.02
1/11/21	2110
1/11/21	2100
1/11/21	2000
1/11/21	90
1/11/21	20.2
1/11/21	20
1/11/21	19
1/11/21	5.05
1/11/21	5
1/11/21	5
1/11/21	98
1/11/21	10
1/12/21	1.01
1/12/21	1
1/12/21	200
1/12/21	10.1
1/12/21	10
1/12/21	9
1/12/21	1
1/12/21	1
1/12/21	1
1/12/21	1
1/12/21	0.99
1/12/21	3
1/12/21	2
1/12/21	2
1/12/21	9.93
1/12/21	7.5
1/12/21	7.4
1/12/21	3.03
1/12/21	3
1/12/21	3
1/12/21	19.86
1/13/21	2
1/13/21	2
1/13/21	97.84
1/13/21	5
1/13/21	5
1/13/21	20
1/13/21	20
1/13/21	29.66
1/13/21	29.22
1/13/21	5.5
1/13/21	5.5
1/13/21	40
1/13/21	20
1/13/21	2.02
1/13/21	2
1/13/21	150
1/13/21	148
1/13/21	148
1/13/21	50
1/13/21	49
1/13/21	49
1/13/21	0.99
1/13/21	2
1/13/21	22
1/13/21	21.67
1/13/21	0.99
1/13/21	1
1/13/21	1
1/13/21	1
1/13/21	4
1/13/21	32
1/13/21	12
1/13/21	11
1/13/21	300
1/13/21	297
1/13/21	297
1/13/21	297.95
1/13/21	295
1/13/21	292
1/13/21	1
1/13/21	403
1/13/21	399
1/13/21	399
1/13/21	20
1/13/21	19
1/13/21	19
1/13/21	2
1/13/21	4
1/13/21	2
1/14/21	1.01
1/14/21	1
1/14/21	2
1/14/21	72.72
1/14/21	72
1/14/21	71.22
1/14/21	1.01
1/14/21	1
1/14/21	19.5
1/14/21	6
1/14/21	2
1/14/21	2
1/14/21	2
1/14/21	6
1/14/21	2
1/14/21	2
1/14/21	27
1/14/21	25
1/14/21	1
1/14/21	1
1/14/21	1
1/14/21	4
1/14/21	100
1/14/21	2
1/14/21	1
1/14/21	1
1/14/21	1
1/14/21	2
1/14/21	44
1/14/21	2
1/14/21	2.22
1/14/21	2.2
1/14/21	10.1
1/14/21	10
1/14/21	1.01
1/14/21	1
1/14/21	2.02
1/14/21	2
1/14/21	2.96
1/14/21	10.1
1/14/21	10
1/14/21	1
1/14/21	44
1/14/21	2
1/14/21	3
1/14/21	2
1/14/21	2
1/14/21	39.72
1/15/21	90
1/15/21	1
1/15/21	397
1/15/21	393
1/15/21	393
1/15/21	139.64
1/15/21	9.93
1/15/21	147.34
1/15/21	1
1/15/21	1
1/15/21	40
1/15/21	2.52
1/15/21	2.5
1/15/21	10
1/15/21	9.55
1/15/21	1.7
1/15/21	1.7
1/15/21	20
1/15/21	10
1/15/21	9.9
1/15/21	9.9
1/15/21	11
1/15/21	10
1/15/21	1.52
1/15/21	1.5
1/15/21	3
1/15/21	101
1/15/21	100
1/15/21	100
1/15/21	1
1/15/21	2
1/15/21	40.29
1/15/21	4.83
1/15/21	1
1/15/21	1
1/15/21	2
1/15/21	1
1/15/21	60
1/15/21	0.5
1/15/21	90.9
1/15/21	90
1/15/21	88.69
1/16/21	1
1/16/21	10.07
1/16/21	2
1/16/21	2
1/16/21	179.78
1/16/21	178
1/16/21	4.04
1/16/21	4
1/16/21	1
1/16/21	1
1/16/21	5.5
1/16/21	5
1/16/21	175.36
1/16/21	506.96
1/16/21	707
1/16/21	700
1/16/21	40.4
1/16/21	40
1/16/21	700
1/16/21	30
1/16/21	5.05
1/16/21	5
1/16/21	5
1/16/21	1.01
1/16/21	1
1/16/21	1
1/16/21	573.21
1/16/21	4
1/16/21	1
1/17/21	15
1/17/21	2
1/17/21	98.5
1/17/21	8.06
1/17/21	7.5
1/17/21	7.5
1/17/21	0.5
1/17/21	0.5
1/17/21	0.01
1/17/21	0.01
1/17/21	0.01
1/17/21	0.01
1/17/21	0.01
1/17/21	0.01
1/17/21	0.01
1/17/21	0.01
1/17/21	0.01
1/17/21	0.01
1/17/21	10.07
1/17/21	9.98
1/17/21	9.98
1/17/21	0.01
1/17/21	0.01
1/17/21	1.21
1/17/21	1
1/17/21	1
1/17/21	40.29
1/17/21	303.8
1/17/21	299
1/18/21	30.99
1/18/21	31.42
1/18/21	3
1/18/21	9.92
1/18/21	3
1/18/21	2
1/18/21	3
1/18/21	375.72
1/18/21	372
1/18/21	7.91
1/18/21	7.9
1/18/21	7.82
1/18/21	7.7
1/18/21	2.5
1/18/21	1
1/18/21	1.2
1/18/21	366.44
1/18/21	2
1/18/21	2
1/18/21	15.15
1/18/21	15
1/18/21	15
1/18/21	2
1/18/21	2
1/18/21	1
1/18/21	1
1/18/21	1
1/18/21	1
1/18/21	361.04
1/18/21	1.62
1/18/21	1.6
1/19/21	1.24
1/19/21	30
1/19/21	57
1/19/21	1.5
1/19/21	1
1/19/21	1
1/19/21	373.61
1/19/21	747.4
1/19/21	740
1/19/21	44.44
1/19/21	44
1/19/21	30
1/19/21	30
1/19/21	30.3
1/19/21	30
1/19/21	13
1/19/21	30
1/19/21	30
1/19/21	729
1/19/21	0.9
1/19/21	1
1/19/21	1
1/20/21	1.6
1/20/21	1.6
1/20/21	30
1/20/21	4.03
1/20/21	2
1/20/21	2
1/20/21	40.29
1/20/21	40.29
1/20/21	20.14
1/20/21	500
1/20/21	495
1/20/21	495
1/20/21	100
1/20/21	99
1/20/21	99
1/20/21	1
1/20/21	1
1/20/21	4
1/20/21	4
1/20/21	1
1/21/21	6.59
1/21/21	195
1/21/21	0.9
1/21/21	9.86
1/21/21	262.83
1/21/21	2
1/21/21	2
1/21/21	333.3
1/21/21	330
1/21/21	2
1/21/21	2
1/21/21	1
1/21/21	340
1/21/21	1
1/21/21	490
1/21/21	490
1/21/21	99.19
1/21/21	4.09
1/21/21	2
1/21/21	2
1/21/21	2
1/21/21	1
1/21/21	45.8
1/21/21	2
1/21/21	2
1/21/21	44.44
1/21/21	44
1/21/21	43
1/21/21	100.72
1/21/21	99
1/21/21	99
1/21/21	79.56
1/21/21	79.56
1/22/21	20.14
1/22/21	20
1/22/21	20
1/22/21	28
1/22/21	30
1/22/21	20.34
1/22/21	20
1/22/21	20
1/22/21	500
1/22/21	430
1/22/21	430
1/22/21	65
1/22/21	65
1/22/21	1
1/22/21	1
1/22/21	10
1/22/21	10
1/22/21	1.01
1/22/21	1
1/22/21	1
1/22/21	29.67
1/22/21	30
1/22/21	38
1/22/21	38
1/22/21	10
1/22/21	10
1/22/21	10
1/23/21	6.04
1/23/21	6
1/23/21	6
1/23/21	479
1/23/21	479.75
1/23/21	475
1/23/21	2.02
1/23/21	2
1/23/21	460
1/23/21	10
1/23/21	5.05
1/23/21	5
1/23/21	5
1/23/21	5
1/23/21	26.26
1/23/21	26
1/23/21	25
1/23/21	25
1/23/21	24
1/23/21	24
1/23/21	9.27
1/23/21	2
1/23/21	2
1/23/21	2
1/23/21	2
1/23/21	1
1/23/21	12.13
1/23/21	12.11
1/23/21	12.11
1/23/21	4
1/23/21	2
1/23/21	2
1/23/21	2
1/23/21	2
1/23/21	2
1/23/21	2
1/23/21	2
1/23/21	2
1/23/21	2
1/23/21	12
1/23/21	2
1/23/21	29.68
1/23/21	10
1/23/21	18
1/23/21	1
1/23/21	10
1/23/21	17.71
1/23/21	18
1/23/21	20
1/23/21	19.5
1/23/21	19.5
1/23/21	7.8
1/23/21	7.72
1/23/21	7.6
1/24/21	9
1/24/21	9
1/24/21	21
1/24/21	20
1/24/21	20
1/24/21	171.54
1/24/21	170.69
1/24/21	169
1/24/21	166.47
1/24/21	3
1/24/21	3
1/25/21	1
1/25/21	6
1/25/21	5
1/25/21	5
1/25/21	24.24
1/25/21	24
1/25/21	20.2
1/25/21	20
1/25/21	24
1/25/21	24
1/25/21	24
1/25/21	30.21
1/25/21	30
1/25/21	30
1/25/21	20
1/25/21	15
1/25/21	15
1/25/21	31.31
1/25/21	31
1/25/21	31
1/25/21	20.2
1/25/21	20
1/25/21	15
1/25/21	10
1/25/21	1
1/25/21	1
1/25/21	17.17
1/25/21	17
1/25/21	17.24
1/25/21	4
1/25/21	4
1/26/21	1
1/26/21	1
1/26/21	1.74
1/26/21	10
1/26/21	4.43
1/26/21	3.5
1/26/21	25.25
1/26/21	25
1/26/21	24.8
1/26/21	24.8
1/26/21	0.14
1/27/21	53.1
1/27/21	52.37
1/27/21	26.18
1/27/21	26
1/27/21	26
1/27/21	26
1/27/21	60.6
1/27/21	60
1/27/21	60
1/27/21	60
1/27/21	35
1/27/21	20
1/27/21	20
1/27/21	10
1/27/21	10
1/27/21	10
1/27/21	1
1/27/21	1
1/27/21	10
1/27/21	5
1/27/21	20
1/27/21	20
1/27/21	2
1/27/21	2
1/27/21	16.66
1/27/21	16.5
1/27/21	17.05
1/27/21	40.29
1/27/21	40
1/27/21	40
1/27/21	173.52
1/27/21	24.24
1/27/21	24
1/27/21	23.7
1/27/21	23.7
1/27/21	23.94
1/27/21	23.7
1/28/21	19
1/28/21	1
1/28/21	1
1/28/21	171.7
1/28/21	170
1/28/21	167.45
1/28/21	2
1/28/21	2
1/28/21	22.15
1/28/21	22
1/28/21	22
1/28/21	19
1/28/21	49.56
1/28/21	1
1/28/21	48
1/28/21	0.98
1/28/21	1
1/28/21	0.1
1/28/21	21.21
1/28/21	21
1/28/21	1
1/28/21	1
1/28/21	23.5
1/28/21	23.5
1/28/21	23.13
1/28/21	22.9
1/28/21	22.5
1/28/21	22.5
1/29/21	30
1/29/21	30
1/29/21	30
1/29/21	5
1/29/21	10
1/29/21	10
1/29/21	2
1/29/21	10
1/29/21	83.83
1/29/21	83
1/29/21	22.02
1/29/21	21.8
1/29/21	21.77
1/29/21	1.91
1/29/21	1.89
1/29/21	1.89
1/29/21	10
1/29/21	51.86
1/29/21	51.35
1/29/21	10
1/29/21	1
1/29/21	1
1/29/21	1.01
1/29/21	1
1/29/21	0
1/29/21	2.01
1/29/21	2
1/29/21	10
1/29/21	104.03
1/29/21	103
1/29/21	111.31
1/29/21	25.25
1/29/21	25
1/29/21	21
1/29/21	21
1/29/21	50
1/29/21	50
1/29/21	5
1/29/21	4.32
1/29/21	33.39
1/29/21	27.37
1/29/21	61.42
1/29/21	23.74
1/29/21	23.5
1/29/21	2
1/29/21	10
1/29/21	7
1/29/21	2
1/29/21	2
1/29/21	2
1/29/21	2
1/29/21	10
1/29/21	1
1/29/21	1
1/29/21	1
1/29/21	9.94
1/29/21	9.97
1/29/21	9
1/29/21	2
1/29/21	2
1/29/21	1
1/29/21	1
1/29/21	2
1/30/21	5
1/30/21	5
1/30/21	12
1/30/21	10
1/30/21	9
1/30/21	10
1/30/21	301.63
1/30/21	2.17
1/30/21	2.12
1/30/21	50
1/30/21	40
1/30/21	292.9
1/30/21	290
1/30/21	280
1/30/21	6
1/30/21	10
1/30/21	9
1/30/21	5
1/30/21	4.92
1/30/21	4
1/30/21	3
1/30/21	4
1/30/21	5.56
1/30/21	5.5
1/30/21	5.5
1/30/21	1
1/30/21	1
1/30/21	173.01
1/30/21	171.7
1/30/21	170
1/30/21	168.51
1/31/21	1
1/31/21	1
1/31/21	1
1/31/21	9.85
1/31/21	2
1/31/21	2
1/31/21	10
2/1/21	5
2/1/21	1
2/1/21	51
2/1/21	51
2/1/21	42.68
2/1/21	42.06
2/1/21	1
2/1/21	23.17
2/1/21	23
2/1/21	5
2/2/21	1
2/2/21	50.35
2/2/21	53.64
2/2/21	53.11
2/2/21	20
2/2/21	18
2/2/21	18
2/2/21	22.15
2/2/21	49
2/2/21	21.5
2/2/21	5
2/2/21	7
2/2/21	52.46
2/2/21	12.47
2/2/21	136.13
2/2/21	16
2/2/21	5
2/2/21	5
2/3/21	2
2/3/21	2
2/3/21	1
2/3/21	4
2/3/21	73.18
2/3/21	72.08
2/3/21	21.21
2/3/21	1
2/3/21	0.99
2/3/21	570
2/3/21	5
2/3/21	5
2/3/21	22
2/3/21	22
2/3/21	26.2
2/3/21	25
2/3/21	24.72
2/4/21	9
2/4/21	1
2/4/21	4
2/4/21	8.26
2/4/21	2
2/4/21	2
2/4/21	2
2/4/21	588.7
2/4/21	580
2/4/21	2.5
2/4/21	2
2/4/21	23.64
2/4/21	21.5
2/4/21	0.5
2/4/21	20
2/4/21	19.5
2/4/21	1.6
2/4/21	1
2/4/21	10
2/4/21	584.87
2/4/21	593.78
2/4/21	585
2/4/21	572
2/5/21	10.6
2/5/21	10
2/5/21	9.95
2/5/21	1
2/5/21	10
2/5/21	1
2/5/21	8
2/5/21	2
2/5/21	2
2/5/21	2
2/5/21	3
2/5/21	3
2/5/21	10
2/5/21	9.6
2/5/21	9
2/5/21	8.86
2/5/21	99.12
2/5/21	98.18
2/5/21	7.6
2/5/21	7
2/5/21	7.63
2/5/21	7.67
2/5/21	7.07
2/5/21	6.96
2/5/21	11
2/5/21	11
2/5/21	10
2/5/21	10
2/5/21	10
2/5/21	10
2/5/21	5
2/5/21	4
2/5/21	4
2/5/21	17.42
2/5/21	576.32
2/5/21	10
2/5/21	22.1
2/5/21	2
2/5/21	1
2/5/21	21.57
2/5/21	20.37
2/5/21	42.22
2/5/21	0.2
2/5/21	3.6
2/5/21	3
2/6/21	3
2/6/21	2.96
2/6/21	3
2/6/21	310
2/6/21	5.6
2/6/21	5
2/6/21	5
2/6/21	5.82
2/6/21	7
2/6/21	0.3
2/6/21	20.26
2/6/21	20.26
2/6/21	20.26
2/6/21	21.2
2/6/21	20
2/6/21	19.85
2/6/21	411.88
2/6/21	406
2/6/21	400
2/6/21	6.6
2/6/21	6
2/6/21	400
2/6/21	2
2/6/21	2
2/6/21	0.99
2/6/21	1
2/6/21	20.55
2/6/21	11
2/7/21	1
2/7/21	14.21
2/7/21	14.2
2/7/21	13
2/7/21	12
2/7/21	363.16
2/7/21	350
2/8/21	21.28
2/8/21	21
2/8/21	3
2/8/21	13.2
2/8/21	12
2/8/21	4.6
2/8/21	4
2/8/21	2.6
2/8/21	2
2/8/21	5.92
2/8/21	50
2/8/21	50
2/8/21	4.6
2/8/21	4
2/8/21	17.2
2/8/21	16
2/8/21	19
2/8/21	19
2/8/21	9
2/8/21	9
2/9/21	10.6
2/9/21	10
2/9/21	95.84
2/9/21	98.49
2/9/21	659.75
2/9/21	650
2/9/21	0.98
2/9/21	1
2/9/21	1
2/9/21	1
2/9/21	1
2/9/21	2
2/9/21	1
2/10/21	213.28
2/10/21	0.98
2/10/21	0.98
2/10/21	0.98
2/10/21	0.98
2/10/21	0.98
2/10/21	0.98
2/10/21	0.98
2/10/21	13.24
2/10/21	1
2/10/21	10.6
2/10/21	10.6
2/10/21	10
2/10/21	10
2/10/21	20
2/10/21	20
2/10/21	20
2/10/21	20
2/10/21	20
2/10/21	20
2/10/21	19
2/10/21	90
2/10/21	98.5
2/10/21	0.98
2/10/21	4.92
2/10/21	9.85
2/11/21	0.98
2/11/21	50.63
2/11/21	1
2/11/21	1
2/11/21	500
2/11/21	20
2/11/21	7.6
2/11/21	7
2/11/21	0.94
2/11/21	50
2/11/21	40
2/11/21	40
2/11/21	5
2/11/21	5
2/11/21	4
2/11/21	19.7
2/11/21	49.25
2/11/21	9.85
2/11/21	2.1
2/11/21	1.5
2/11/21	1
2/11/21	9.85
2/11/21	5
2/11/21	5
2/11/21	5
2/11/21	5
2/11/21	4
2/11/21	4
2/11/21	9.85
2/11/21	4.92
2/11/21	4.92
2/12/21	38
2/12/21	38
2/12/21	9.85
2/12/21	2.4
2/12/21	1.8
2/12/21	0.7
2/12/21	1.23
2/12/21	4.92
2/12/21	1
2/12/21	1
2/12/21	1
2/12/21	0.1
2/12/21	0.1
2/12/21	497
2/12/21	4.92
2/12/21	3
2/12/21	50
2/12/21	50
2/12/21	8.6
2/12/21	8
2/12/21	48
2/12/21	48
2/12/21	99
2/12/21	50.5
2/12/21	18.67
2/12/21	296.13
2/12/21	90
2/12/21	10
2/12/21	10
2/13/21	3
2/13/21	1015
2/13/21	1000
2/13/21	1260
2/13/21	1260
2/13/21	4.92
2/13/21	10
2/13/21	10
2/13/21	1
2/13/21	1
2/13/21	1
2/13/21	1
2/13/21	197
2/13/21	197
2/13/21	197
2/13/21	40
2/13/21	40
2/13/21	199
2/13/21	199
2/13/21	20
2/13/21	20
2/13/21	10
2/13/21	10
2/13/21	199
2/13/21	199
2/13/21	195
2/13/21	195
2/13/21	2
2/13/21	2
2/13/21	22
2/13/21	22
2/13/21	195
2/13/21	195
2/13/21	20
2/13/21	20
2/13/21	97.85
2/13/21	4.92
2/13/21	15
2/13/21	15
2/13/21	199
2/13/21	199
2/13/21	4.92
2/13/21	9.85
2/13/21	4.92
2/13/21	4.92
2/13/21	20
2/13/21	20
2/13/21	300
2/13/21	300
2/13/21	5
2/13/21	20
2/13/21	20
2/13/21	20
2/13/21	20
2/13/21	997
2/13/21	4.92
2/13/21	13.92
2/13/21	9.85
2/13/21	9
2/13/21	9.85
2/13/21	9.85
2/13/21	9.85
2/13/21	9.85
2/13/21	500
2/13/21	500
2/13/21	9.85
2/13/21	1997
2/13/21	9.85
2/13/21	5
2/13/21	5
2/13/21	0.3
2/13/21	0.3
2/13/21	13.48
2/13/21	14
2/13/21	4.92
2/13/21	4.92
2/13/21	10
2/13/21	10
2/13/21	10
2/13/21	9
2/13/21	0.98
2/13/21	0.98
2/13/21	0.98
2/13/21	0.98
2/13/21	0.98
2/13/21	0.98
2/13/21	0.98
2/13/21	0.98
2/13/21	0.98
2/13/21	0.98
2/13/21	9.85
2/13/21	4.92
2/13/21	9.85
2/13/21	9.85
2/13/21	2
2/13/21	1
2/13/21	10.84
2/13/21	10.84
2/13/21	9.2
2/13/21	9.2
2/13/21	0.98
2/13/21	9.85
2/13/21	0.98
2/13/21	0.98
2/13/21	0.98
2/13/21	0.98
2/13/21	0.98
2/13/21	0.98
2/13/21	9.85
2/13/21	0.98
2/13/21	0.98
2/13/21	5.6
2/13/21	5
2/13/21	0.98
2/13/21	9.85
2/13/21	9.5
2/13/21	9.85
2/13/21	9
2/13/21	9.85
2/13/21	20
2/13/21	20
2/13/21	9.85
2/13/21	1.2
2/13/21	9.85
2/13/21	9.85
2/13/21	9.85
2/13/21	9.85
2/13/21	19
2/13/21	19
2/13/21	15
2/14/21	9.85
2/14/21	9.85
2/14/21	9
2/14/21	9
2/14/21	207.64
2/14/21	1
2/14/21	9.85
2/14/21	1
2/14/21	1
2/14/21	200
2/14/21	2
2/14/21	10
2/14/21	10
2/14/21	3.5
2/14/21	9.85
2/14/21	9.85
2/14/21	6
2/14/21	6
2/14/21	5.6
2/14/21	5
2/14/21	1
2/14/21	98.5
2/14/21	98.5
2/14/21	9.85
2/14/21	8.89
2/14/21	8.29
2/14/21	9.85
2/14/21	3
2/14/21	20.5
2/14/21	31.35
2/14/21	30
2/14/21	10
2/14/21	10
2/14/21	9
2/14/21	9
2/14/21	5
2/14/21	10
2/14/21	19.7
2/14/21	19.7
2/14/21	10
2/14/21	8
2/14/21	18
2/14/21	19.7
2/14/21	19.7
2/14/21	-100
2/14/21	19.7
2/14/21	9.85
2/14/21	90
2/14/21	90
2/14/21	19.7
2/14/21	19.7
2/14/21	73.05
2/14/21	19.7
2/14/21	19.7
2/14/21	19.7
2/14/21	19.7
2/14/21	1
2/14/21	9.82
2/14/21	9.22
2/14/21	19.7
2/14/21	9.85
2/14/21	19.7
2/14/21	9.85
2/14/21	19.7
2/14/21	98.5
2/14/21	9.85
2/14/21	9.85
2/14/21	10
2/14/21	10
2/14/21	10
2/14/21	9.85
2/14/21	2
2/14/21	2
2/14/21	9.5
2/14/21	9.85
2/14/21	19.7
2/14/21	19.7
2/14/21	100
2/14/21	100
2/14/21	10
2/14/21	30
2/14/21	97.5
2/14/21	97.5
2/14/21	17
2/14/21	17
2/14/21	41.92
2/14/21	26.28
2/14/21	19.7
2/14/21	10
2/14/21	10
2/14/21	9
2/14/21	9
2/14/21	5.6
2/14/21	5
2/14/21	2
2/15/21	1
2/15/21	1
2/15/21	1
2/15/21	30
2/15/21	4
2/15/21	1
2/15/21	10
2/15/21	19.7
2/15/21	14.59
2/15/21	1.64
2/15/21	-1000
2/15/21	1000
2/15/21	1000
2/15/21	928.07
2/15/21	17.6
2/15/21	17.6
2/15/21	95
2/15/21	95
2/15/21	93
2/15/21	97.5
2/15/21	95
2/15/21	90
2/15/21	5
2/15/21	2.6
2/15/21	2
2/15/21	3
2/15/21	1
2/15/21	4
2/15/21	4
2/15/21	10
2/15/21	19.7
2/15/21	10
2/15/21	10
2/15/21	4.92
2/15/21	4.92
2/15/21	19.7
2/15/21	20
2/15/21	20
2/15/21	222
2/15/21	98.5
2/15/21	98.5
2/15/21	98.5
2/15/21	98.5
2/15/21	20
2/15/21	20
2/15/21	50
2/15/21	9.85
2/15/21	9.85
2/15/21	18.8
2/15/21	18.8
2/15/21	1.97
2/15/21	2.96
2/15/21	9.85
2/15/21	1
2/15/21	1
2/15/21	9.85
2/15/21	4.92
2/15/21	19.7
2/15/21	10
2/15/21	9
2/15/21	9
2/15/21	10
2/15/21	10
2/15/21	50
2/15/21	8.6
2/15/21	8
2/16/21	7.5
2/16/21	9.85
2/16/21	1
2/16/21	1
2/16/21	1
2/16/21	1
2/16/21	30
2/16/21	4
2/16/21	1
2/16/21	2.96
2/16/21	8.86
2/16/21	8.86
2/16/21	2
2/16/21	2
2/16/21	55.73
2/16/21	1
2/16/21	10
2/16/21	10
2/16/21	75.5
2/16/21	75.5
2/16/21	4.92
2/16/21	997
2/16/21	997
2/16/21	997
2/16/21	16.74
2/16/21	4.92
2/16/21	3
2/16/21	3
2/16/21	3
2/16/21	14
2/16/21	14
2/16/21	9
2/16/21	29.55
2/16/21	18
2/16/21	18
2/16/21	17.73
2/16/21	15
2/16/21	15
2/16/21	9.85
2/16/21	9.85
2/16/21	9.85
2/16/21	5
2/16/21	5
2/16/21	9.85
2/16/21	9.85
2/16/21	3
2/16/21	3
2/16/21	9.85
2/16/21	9
2/16/21	9
2/16/21	5
2/16/21	10
2/16/21	4
2/16/21	19.7
2/16/21	10
2/16/21	10
2/16/21	4.92
2/16/21	19.7
2/16/21	3.92
2/16/21	3.92
2/16/21	5
2/16/21	10
2/16/21	8
2/16/21	20
2/16/21	2
2/16/21	9.85
2/16/21	9.85
2/16/21	10
2/16/21	19.7
2/16/21	197
2/16/21	4.92
2/16/21	197
2/16/21	197
2/16/21	197
2/16/21	197
2/16/21	505
2/16/21	197
2/16/21	9.85
2/16/21	49.25
2/16/21	1164.5
2/16/21	1164.5
2/16/21	45
2/16/21	45
2/16/21	20
2/16/21	19.7
2/16/21	9.85
2/16/21	121.16
2/16/21	598
2/16/21	598
2/16/21	446.77
2/16/21	14.78
2/16/21	4.92
2/16/21	4
2/16/21	4.92
2/17/21	220
2/17/21	5
2/17/21	5
2/17/21	5
2/17/21	1
2/17/21	1
2/17/21	1
2/17/21	2
2/17/21	1
2/17/21	30
2/17/21	5
2/17/21	4
2/17/21	20
2/17/21	4
2/17/21	5
2/17/21	4
2/17/21	1
2/17/21	10.28
2/17/21	1171.89
2/17/21	120
2/17/21	3.13
2/17/21	5
2/17/21	5
2/17/21	10
2/17/21	10
2/17/21	35
2/17/21	35
2/17/21	33
2/17/21	33
2/17/21	4.92
2/17/21	98.5
2/17/21	1
2/17/21	9
2/17/21	5
2/17/21	100
2/17/21	9
2/17/21	9
2/17/21	8.5
2/17/21	8.5
2/17/21	49.25
2/17/21	20
2/17/21	130
2/17/21	130
2/17/21	9
2/17/21	5
2/17/21	5
2/17/21	2
2/17/21	2
2/17/21	9.85
2/17/21	9.85
2/17/21	11
2/17/21	11
2/17/21	14.78
2/17/21	29.55
2/17/21	2
2/17/21	2
2/17/21	9.85
2/17/21	8
2/17/21	1
2/17/21	1550
2/17/21	1550
2/17/21	98.5
2/17/21	98.5
2/17/21	9.85
2/17/21	42.36
2/17/21	9.85
2/17/21	9.85
2/17/21	19
2/17/21	10
2/17/21	10
2/17/21	9
2/17/21	11
2/17/21	11
2/17/21	10
2/18/21	1
2/18/21	1
2/18/21	1
2/18/21	30
2/18/21	4
2/18/21	20
2/18/21	4
2/18/21	5
2/18/21	4
2/18/21	1
2/18/21	19.7
2/18/21	32.5
2/18/21	20
2/18/21	10
2/18/21	1
2/18/21	2
2/18/21	600
2/18/21	600
2/18/21	16
2/18/21	16
2/18/21	9.85
2/18/21	247
2/18/21	194.5
2/18/21	194.5
2/18/21	4.92
2/18/21	48.1
2/18/21	48.1
2/18/21	9.85
2/18/21	1.06
2/18/21	580.1
2/18/21	500
2/18/21	500
2/18/21	1050.1
2/18/21	1050.1
2/18/21	227
2/18/21	227
2/18/21	1550
2/18/21	1550
2/18/21	300
2/18/21	300
2/18/21	695
2/18/21	1
2/18/21	1
2/18/21	1
2/18/21	98.5
2/18/21	95
2/18/21	95
2/18/21	4
2/18/21	5
2/18/21	78.8
2/18/21	197
2/18/21	9.85
2/18/21	9.85
2/19/21	19.7
2/19/21	1
2/19/21	1
2/19/21	1
2/19/21	20
2/19/21	2
2/19/21	10
2/19/21	30
2/19/21	4
2/19/21	5
2/19/21	4
2/19/21	1
2/19/21	5
2/19/21	1
2/19/21	47.96
2/19/21	9.85
2/19/21	19.7
2/19/21	1
2/19/21	19.7
2/19/21	9.85
2/19/21	9.85
2/19/21	9.85
2/19/21	9.85
2/19/21	9.85
2/19/21	9.85
2/19/21	9.85
2/19/21	9.85
2/19/21	15.2
2/19/21	14
2/19/21	4.92
2/19/21	4.92
2/19/21	3
2/19/21	2
2/19/21	4.92
2/19/21	9
2/19/21	9
2/19/21	19.7
2/19/21	14
2/19/21	14
2/19/21	9.85
2/19/21	9.4
2/19/21	9.85
2/19/21	5
2/19/21	5
2/19/21	4
2/19/21	2
2/19/21	2
2/19/21	1
2/19/21	2
2/19/21	6
2/19/21	19.7
2/19/21	50
2/19/21	8.5
2/19/21	19.7
2/19/21	497
2/19/21	9.85
2/19/21	49.25
2/19/21	18
2/19/21	18
2/19/21	5
2/19/21	19.7
2/19/21	19.7
2/19/21	30
2/19/21	30
2/19/21	19.7
2/19/21	19.7
2/19/21	19.7
2/19/21	19.7
2/19/21	20
2/19/21	20
2/19/21	20
2/19/21	15
2/19/21	15
2/19/21	10.85
2/19/21	187
2/19/21	187
2/19/21	98.5
2/19/21	10.8
2/19/21	10.8
2/19/21	10
2/19/21	9
2/19/21	9
2/19/21	9
2/19/21	54.1
2/19/21	54.1
2/19/21	51
2/19/21	51
2/19/21	45
2/19/21	98.5
2/19/21	5
2/19/21	19.7
2/19/21	40
2/19/21	5
2/19/21	5
2/19/21	9.85
2/19/21	19.7
2/19/21	29.55
2/19/21	29.55
2/20/21	1
2/20/21	1
2/20/21	1
2/20/21	5
2/20/21	1
2/20/21	30
2/20/21	20
2/20/21	2
2/20/21	1
2/20/21	10
2/20/21	30
2/20/21	5
2/20/21	5
2/20/21	5
2/20/21	4
2/20/21	1
2/20/21	5
2/20/21	1
2/20/21	30
2/20/21	30
2/20/21	5
2/20/21	8
2/20/21	9.85
2/20/21	9.85
2/20/21	50
2/20/21	3
2/20/21	3
2/20/21	19.7
2/20/21	98.5
2/20/21	1
2/20/21	9.85
2/20/21	94.39
2/20/21	5
2/20/21	5
2/20/21	9
2/20/21	1
2/20/21	50
2/20/21	98.5
2/20/21	19.7
2/20/21	93.99
2/20/21	9.85
2/20/21	749
2/20/21	10
2/20/21	1115
2/20/21	1115
2/20/21	1300
2/20/21	1300
2/20/21	50
2/20/21	50
2/20/21	4
2/20/21	4
2/20/21	4
2/20/21	39.4
2/20/21	50
2/20/21	19.7
2/20/21	19.7
2/20/21	19
2/20/21	19
2/20/21	19
2/20/21	19
2/20/21	18
2/20/21	18
2/20/21	261.12
2/20/21	365
2/20/21	19.7
2/20/21	2
2/20/21	2
2/20/21	47
2/20/21	47
2/20/21	9.85
2/20/21	17.03
2/20/21	19.7
2/20/21	19.7
2/21/21	9.85
2/21/21	1
2/21/21	1
2/21/21	20
2/21/21	2
2/21/21	1
2/21/21	1
2/21/21	10
2/21/21	30
2/21/21	10
2/21/21	5
2/21/21	5
2/21/21	5
2/21/21	5
2/21/21	1
2/21/21	5
2/21/21	1
2/21/21	1
2/21/21	426.52
2/21/21	10
2/21/21	10
2/21/21	420
2/21/21	20
2/21/21	20
2/21/21	15
2/21/21	15
2/21/21	9.85
2/21/21	29.55
2/21/21	24.62
2/21/21	1
2/21/21	49.25
2/21/21	49.25
2/21/21	9.85
2/21/21	15.5
2/21/21	197
2/21/21	78.8
2/21/21	20
2/21/21	20
2/21/21	78
2/21/21	78
2/21/21	178
2/21/21	178
2/21/21	8.6
2/21/21	8.6
2/21/21	8
2/21/21	170
2/21/21	170
2/21/21	28
2/21/21	50
2/21/21	50
2/21/21	1
2/21/21	1
2/21/21	5
2/21/21	5
2/21/21	105
2/21/21	105
2/21/21	99
2/21/21	99
2/21/21	3.1
2/21/21	3.1
2/21/21	80
2/21/21	80
2/21/21	29.55
2/21/21	25
2/21/21	25
2/21/21	20
2/21/21	19.7
2/21/21	19
2/21/21	19
2/21/21	13
2/22/21	35
2/22/21	35
2/22/21	1
2/22/21	1
2/22/21	1
2/22/21	20
2/22/21	1
2/22/21	1
2/22/21	10
2/22/21	30
2/22/21	5
2/22/21	5
2/22/21	5
2/22/21	5
2/22/21	5
2/22/21	5
2/22/21	1
2/22/21	1
2/22/21	7.88
2/22/21	2
2/22/21	2
2/22/21	25
2/22/21	19.7
2/22/21	18
2/22/21	18
2/22/21	98.5
2/22/21	4.92
2/22/21	1
2/22/21	9.85
2/22/21	8
2/22/21	9.85
2/22/21	200
2/22/21	18.5
2/22/21	18.5
2/22/21	1
2/22/21	49.25
2/22/21	9.85
2/22/21	997
2/22/21	1014
2/22/21	1014
2/22/21	50
2/22/21	10
2/22/21	70
2/22/21	997
2/22/21	19.7
2/22/21	17
2/22/21	17
2/22/21	80
2/22/21	31.52
2/22/21	197
2/22/21	98
2/22/21	98
2/22/21	95
2/22/21	5
2/22/21	10
2/22/21	5.9
2/22/21	4.3
2/22/21	8.3
2/23/21	1
2/23/21	1
2/23/21	1
2/23/21	20
2/23/21	2
2/23/21	1
2/23/21	1
2/23/21	10
2/23/21	10
2/23/21	30
2/23/21	10
2/23/21	5
2/23/21	5
2/23/21	5
2/23/21	5
2/23/21	5
2/23/21	1
2/23/21	5
2/23/21	9
2/23/21	9
2/23/21	20
2/23/21	140
2/23/21	150
2/23/21	150
2/23/21	9.85
2/23/21	997
2/23/21	5
2/23/21	9.4
2/23/21	9.85
2/23/21	157.6
2/23/21	10
2/23/21	10
2/23/21	98.5
2/23/21	98.5
2/23/21	190
2/23/21	161
2/23/21	161
2/23/21	5
2/23/21	9.85
2/23/21	20
2/23/21	20
2/23/21	29.55
2/23/21	5
2/23/21	4
2/23/21	4
2/23/21	13.12
2/23/21	1
2/23/21	1
2/23/21	10.84
2/23/21	3
2/23/21	3
2/23/21	11
2/23/21	50
2/23/21	50
2/23/21	9.85
2/23/21	20
2/23/21	19.7
2/23/21	18
2/23/21	19.7
2/23/21	10
2/23/21	10
2/23/21	50
2/23/21	40
2/23/21	1
2/23/21	20
2/23/21	20
2/23/21	9.85
2/23/21	1
2/23/21	2
2/23/21	9.85
2/23/21	4.92
2/24/21	1
2/24/21	1
2/24/21	1
2/24/21	20
2/24/21	2
2/24/21	5
2/24/21	1
2/24/21	5
2/24/21	1
2/24/21	100
2/24/21	10
2/24/21	5
2/24/21	5
2/24/21	5
2/24/21	0
2/24/21	5
2/24/21	5
2/24/21	2
2/24/21	5
2/24/21	10
2/24/21	5
2/24/21	2
2/24/21	387
2/24/21	75
2/24/21	75
2/24/21	10
2/24/21	49.2
2/24/21	49.2
2/24/21	10
2/24/21	17.87
2/24/21	17.87
2/24/21	9.85
2/24/21	9.85
2/24/21	20.68
2/24/21	10
2/24/21	10
2/24/21	15
2/24/21	9
2/24/21	147.5
2/24/21	147.5
2/24/21	40
2/24/21	40
2/24/21	38
2/24/21	38
2/24/21	391
2/24/21	391
2/24/21	7
2/24/21	7
2/24/21	6.5
2/24/21	7
2/24/21	5
2/24/21	7
2/24/21	0.2
2/24/21	0.2
2/24/21	9.85
2/24/21	9.85
2/24/21	64.02
2/24/21	49
2/24/21	49
2/24/21	19
2/24/21	10
2/24/21	10
2/24/21	19
2/24/21	17
2/24/21	17
2/24/21	15
2/24/21	15
2/24/21	29.55
2/24/21	19.7
2/24/21	9.85
2/24/21	49.25
2/24/21	1
2/24/21	49
2/24/21	220.28
2/24/21	221.38
2/24/21	220
2/24/21	10
2/24/21	10
2/24/21	210
2/24/21	15.2
2/24/21	7
2/24/21	54.91
2/25/21	1
2/25/21	1
2/25/21	1
2/25/21	20
2/25/21	2
2/25/21	1
2/25/21	1
2/25/21	10
2/25/21	1
2/25/21	5
2/25/21	5
2/25/21	1
2/25/21	0
2/25/21	5
2/25/21	5
2/25/21	10
2/25/21	2
2/25/21	5
2/25/21	10
2/25/21	5
2/25/21	40
2/25/21	40
2/25/21	5.7
2/25/21	5.7
2/25/21	8
2/25/21	8
2/25/21	6.06
2/25/21	100
2/25/21	224.61
2/25/21	204.47
2/25/21	15
2/25/21	7
2/25/21	19.7
2/25/21	19.7
2/25/21	19.7
2/25/21	19.7
2/25/21	7.22
2/25/21	7.22
2/25/21	997
2/25/21	997
2/25/21	997
2/25/21	997
2/25/21	497
2/25/21	197
2/25/21	19.7
2/25/21	19.7
2/25/21	19.7
2/25/21	19.7
2/25/21	19.7
2/25/21	19.7
2/25/21	19.7
2/25/21	19.7
2/25/21	19.7
2/25/21	19.7
2/25/21	5.19
2/25/21	691.35
2/25/21	19.7
2/25/21	19.7
2/25/21	19.7
2/25/21	19.7
2/25/21	19.7
2/25/21	19.7
2/25/21	20
2/25/21	1.5
2/25/21	1.5
2/25/21	200
2/25/21	160
2/25/21	677
2/25/21	677
2/25/21	675
2/25/21	229.67
2/25/21	15
2/25/21	2.48
2/25/21	2.2
2/25/21	2.2
2/25/21	2
2/25/21	2
2/25/21	2
2/25/21	2
2/25/21	665
2/25/21	3.5
2/25/21	3.5
2/25/21	1
2/25/21	1
2/25/21	662
2/25/21	20
2/25/21	4.94
2/25/21	5
2/25/21	5
2/25/21	5
2/25/21	221.02
2/25/21	4.96
2/25/21	14
2/25/21	5
2/25/21	5
2/25/21	5.02
2/25/21	4.99
2/26/21	9
2/26/21	1
2/26/21	1
2/26/21	1
2/26/21	1
2/26/21	20
2/26/21	2
2/26/21	1
2/26/21	10
2/26/21	5
2/26/21	30
2/26/21	5
2/26/21	5
2/26/21	1
2/26/21	0
2/26/21	20
2/26/21	5
2/26/21	5
2/26/21	2
2/26/21	5
2/26/21	10
2/26/21	5
2/26/21	101
2/26/21	400
2/26/21	7.02
2/26/21	7.02
2/26/21	4.5
2/26/21	4.5
2/26/21	1021.22
2/26/21	30
2/26/21	1000
2/26/21	76
2/26/21	5
2/26/21	5
2/26/21	30
2/26/21	30
2/26/21	5
2/26/21	5
2/26/21	4.93
2/26/21	4.92
2/26/21	4.89
2/26/21	5
2/26/21	19.7
2/26/21	18
2/26/21	18
2/26/21	16
2/26/21	500
2/26/21	19.7
2/26/21	9.85
2/26/21	49.25
2/26/21	197
2/26/21	200
2/26/21	50
2/26/21	11.68
2/26/21	20
2/26/21	4
2/26/21	4
2/26/21	9.08
2/26/21	9.85
2/26/21	10
2/27/21	1
2/27/21	1
2/27/21	5
2/27/21	1
2/27/21	30
2/27/21	30
2/27/21	1
2/27/21	5
2/27/21	5
2/27/21	1
2/27/21	0
2/27/21	20
2/27/21	5
2/27/21	2
2/27/21	5
2/27/21	10
2/27/21	5
2/27/21	98.5
2/27/21	95
2/27/21	5
2/27/21	4
2/27/21	4
2/27/21	99.94
2/27/21	8.97
2/27/21	1
2/27/21	1
2/27/21	98.5
2/27/21	98.5
2/27/21	197
2/27/21	377.27
2/27/21	19.7
2/27/21	19.7
2/27/21	20
2/27/21	20
2/28/21	1
2/28/21	1
2/28/21	30
2/28/21	1
2/28/21	10
2/28/21	5
2/28/21	5
2/28/21	1
2/28/21	0
2/28/21	20
2/28/21	5
2/28/21	2
2/28/21	5
2/28/21	10
2/28/21	1
2/28/21	5
2/28/21	10
2/28/21	8
2/28/21	99.95
2/28/21	9.85
2/28/21	19.7
2/28/21	19
2/28/21	19
2/28/21	17
2/28/21	19.7
2/28/21	19.7
2/28/21	3
2/28/21	3
2/28/21	197
2/28/21	4.92
2/28/21	200
2/28/21	10
2/28/21	10
2/28/21	6
2/28/21	6
2/28/21	99.33
2/28/21	5
2/28/21	630.76
2/28/21	3.8
2/28/21	3.8
2/28/21	2
2/28/21	2
3/1/21	1
3/1/21	1
3/1/21	30
3/1/21	1
3/1/21	5
3/1/21	5
3/1/21	5
3/1/21	1
3/1/21	0
3/1/21	20
3/1/21	5
3/1/21	2
3/1/21	10
3/1/21	10
3/1/21	1
3/1/21	5
3/1/21	1
3/1/21	7.3
3/1/21	7.3
3/1/21	49.96
3/1/21	18
3/1/21	21.67
3/1/21	21.67
3/1/21	20
3/1/21	5
3/1/21	2
3/1/21	2
3/1/21	5
3/1/21	2
3/1/21	2
3/1/21	2
3/1/21	2
3/1/21	2
3/1/21	2
3/1/21	14
3/1/21	14
3/1/21	1
3/1/21	1
3/1/21	5
3/1/21	5
3/1/21	1
3/1/21	98.5
3/1/21	25
3/1/21	25
3/1/21	20
3/1/21	508
3/1/21	8
3/1/21	9.85
3/1/21	9.5
3/1/21	19.7
3/1/21	13
3/1/21	13
3/2/21	1
3/2/21	1
3/2/21	30
3/2/21	1
3/2/21	10
3/2/21	5
3/2/21	5
3/2/21	5
3/2/21	0
3/2/21	20
3/2/21	5
3/2/21	2
3/2/21	2
3/2/21	1
3/2/21	10
3/2/21	1
3/2/21	5
3/2/21	1
3/2/21	5
3/2/21	50
3/2/21	65
3/2/21	35
3/2/21	35
